X_DATA,Y_DATA
0.0,4.01509006191368
1.0,-4.183131158746301
2.0,-0.01269157352668182
3.0,5.0691274793836305
4.0,-1.3122282577015116
5.0,-2.312766086116686
6.0,-1.6382858278015706
7.0,-0.6017542998002772
8.0,1.4153944959146496
9.0,-1.1219676586973542
10.0,1.320795293484451
11.0,1.2637555835112644
12.0,0.9424824521873321
13.0,-0.5401554556655297
14.0,7.281372596655615
